,Channel,Region,Fresh,Milk,Grocery,Frozen,Detergents_Paper,Delicassen,x_kpca_rbf,y_kpca_rbf,cluster_kpca_rbf
0,Retail,Other,12669,9656,7561,214,2674,1338,0.07837370589555145,-0.17311460364284087,2
1,Retail,Other,7057,9810,9568,1762,3293,1776,0.18581254641290776,-0.3074147140645973,2
2,Retail,Other,6353,8808,7684,2405,3516,7844,0.34170153813262294,0.07504775170557672,1
3,Horeca,Other,13265,1196,4221,6404,507,1788,-0.2533035236583455,0.2503524263190756,3
4,Retail,Other,22615,5410,7198,3915,1777,5185,0.13661671368898717,0.3752792354602763,1
5,Retail,Other,9413,8259,5126,666,1795,1451,-0.08895330433843458,-0.21226471169213584,0
6,Retail,Other,12126,3199,6975,480,3140,545,-0.14353041259380822,-0.16630589319905761,0
7,Retail,Other,7579,4956,9426,1669,3321,2566,0.04089698583784386,-0.2627155987279705,2
8,Horeca,Other,5963,3648,6192,425,1716,750,-0.22048402954290286,-0.3051577883697474,0
9,Retail,Other,6006,11093,18881,1159,7425,2098,0.708968836846272,-0.29119250182163275,4
10,Retail,Other,3366,5403,12974,4400,5977,1744,0.31974064092419563,-0.30652457804762445,2
11,Retail,Other,13146,1124,4523,1420,549,497,-0.35545182556925087,0.013874803248531993,0
12,Retail,Other,31714,12319,11757,287,3881,2931,0.3854465445073943,0.3357288366807354,1
13,Retail,Other,21217,6208,14982,3095,6707,602,0.3895006007283215,0.059373813275348346,4
14,Retail,Other,24653,9465,12091,294,5058,2168,0.35551116657293447,0.14421778495165272,1
15,Horeca,Other,10253,1114,3821,397,964,412,-0.35435520006086135,-0.11021859390248859,0
16,Retail,Other,1020,8816,12121,134,4508,1080,0.32263564498743097,-0.472218997711166,2
17,Horeca,Other,5876,6157,2933,839,370,4478,-0.07000249896230813,-0.09035047264311928,0
18,Retail,Other,18601,6327,10099,2205,2767,3181,0.11654191916216343,0.11785312476009324,1
19,Horeca,Other,7780,2495,9464,669,2518,501,-0.12022755406904655,-0.2835482007710935,0
20,Retail,Other,17546,4519,4602,1066,2259,2124,-0.1469002107674542,0.09957113896938696,3
21,Horeca,Other,5567,871,2010,3383,375,569,-0.39951071386634845,-0.09264082017742054,0
22,Horeca,Other,31276,1917,4469,9408,2381,4334,0.2043599877320019,0.6356359259636719,1
23,Retail,Other,26373,36423,22019,5154,4337,16523,0.3902661572691502,0.2569496025734215,1
24,Retail,Other,22647,9776,13792,2915,4482,5778,0.42781654073334796,0.22478368660722714,1
25,Retail,Other,16165,4230,7595,201,4003,57,-0.03163512873405424,-0.07255095160998654,0
26,Horeca,Other,9898,961,2861,3151,242,833,-0.40014060362739395,0.008535414697348625,0
27,Horeca,Other,14276,803,3045,485,100,518,-0.37005251264551253,0.05391791921403486,0
28,Retail,Other,4113,20484,25957,1158,8604,5206,0.7016207368605814,0.0731014575080407,4
29,Horeca,Other,43088,2100,2609,1200,1107,823,0.1826835473898075,0.6814840445911238,1
30,Horeca,Other,18815,3610,11107,1148,2134,2963,0.04311921712672576,0.1174533592420143,3
31,Horeca,Other,2612,4339,3133,2088,820,985,-0.29478662624567475,-0.27210669237856167,0
32,Horeca,Other,21632,1318,2886,266,918,405,-0.25157205246868564,0.2660610840718826,3
33,Horeca,Other,29729,4786,7326,6130,361,1083,0.04182350289076478,0.6263327105684743,1
34,Horeca,Other,1502,1979,2262,425,483,395,-0.33950761274923485,-0.2859829888576614,0
35,Retail,Other,688,5491,11091,833,4239,436,0.15318548998698003,-0.47204627497468227,2
36,Horeca,Other,29955,4362,5428,1729,862,4626,0.11579078334966612,0.5158516314924017,1
37,Retail,Other,15168,10556,12477,1920,6506,714,0.44744621040016613,-0.15055607597941215,4
38,Retail,Other,4591,15729,16709,33,6956,433,0.6931422223897343,-0.27107464556930344,4
39,Horeca,Other,56159,555,902,10002,212,2916,0.38129056315361076,0.5589487619332956,1
40,Horeca,Other,24025,4332,4757,9510,1145,5864,0.2115296314258816,0.5158501567286047,1
41,Horeca,Other,19176,3065,5956,2033,2575,2802,-0.09230035545523271,0.19668690026864855,3
42,Retail,Other,10850,7555,14961,188,6899,46,0.46300101226479146,-0.29270653126545576,4
43,Retail,Other,630,11095,23998,787,9529,72,0.7874656499758458,-0.20601239875751096,4
44,Retail,Other,9670,7027,10471,541,4618,65,0.16846143696562307,-0.31606742675509575,2
45,Retail,Other,5181,22044,21531,1740,7353,4985,0.6868279055313027,0.05304779726024859,4
46,Retail,Other,3103,14069,21955,1668,6792,1452,0.7630314684360964,-0.2376643694653712,4
47,Retail,Other,44466,54259,55571,7782,24171,6465,0.39027272891473025,0.2579669885514346,1
48,Retail,Other,11519,6152,10868,584,5121,1476,0.20654515531327833,-0.26001705669369063,2
49,Retail,Other,4967,21412,28921,1798,13583,1163,0.7289714387313023,0.11588236817646165,4
50,Horeca,Other,6269,1095,1980,3860,609,2162,-0.3430795910530945,-0.0359733479161727,0
51,Horeca,Other,3347,4051,6996,239,1538,301,-0.18086905028942643,-0.3679504169323375,0
52,Retail,Other,40721,3916,5876,532,2587,1278,0.20385521739136667,0.6261716702573182,1
53,Retail,Other,491,10473,11532,744,5611,224,0.4039493331332729,-0.449132135912335,2
54,Horeca,Other,27329,1449,1947,2436,204,1333,-0.16262992294600206,0.5367169722978515,3
55,Horeca,Other,5264,3683,5005,1057,2024,1130,-0.2336587348187078,-0.2988588835089219,0
56,Retail,Other,4098,29892,26866,2616,17740,1340,0.5426398038264196,0.23277421501496762,1
57,Retail,Other,5417,9933,10487,38,7572,1282,0.47467771286356997,-0.38349654161277813,4
58,Horeca,Other,13779,1970,1648,596,227,436,-0.3782829305730562,0.03896555000533215,0
59,Horeca,Other,6137,5360,8040,129,3084,1603,-0.022022933753793265,-0.3573458414066497,2
60,Retail,Other,8590,3045,7854,96,4095,225,-0.05983051989665638,-0.29868814403366734,2
61,Retail,Other,35942,38369,59598,3254,26701,2017,0.39299139703675945,0.2596203904566625,1
62,Retail,Other,7823,6245,6544,4154,4074,964,-0.009699948119071008,-0.19621106885775413,2
63,Retail,Other,9396,11601,15775,2896,7677,1295,0.6401918706005624,-0.24099799892956245,4
64,Horeca,Other,4760,1227,3250,3724,1247,1145,-0.3396877340483363,-0.13477912051815072,0
65,Retail,Other,85,20959,45828,36,24231,1423,0.4410358671167104,0.26167361959169877,1
66,Horeca,Other,9,1534,7417,175,3468,27,-0.09322374084289013,-0.4130771376120028,2
67,Retail,Other,19913,6759,13462,1256,5141,834,0.29240464167051355,0.00012687407189293309,2
68,Horeca,Other,2446,7260,3993,5870,788,3095,-0.0599707011697159,-0.06292199893640764,0
69,Horeca,Other,8352,2820,1293,779,656,144,-0.37944416017539284,-0.13546815859725833,0
70,Horeca,Other,16705,2037,3202,10643,116,1365,-0.050606591322371865,0.481025751942772,3
71,Horeca,Other,18291,1266,21042,5373,4173,14472,0.3992597551893954,0.26347509037127353,1
72,Horeca,Other,4420,5139,2661,8872,1321,181,-0.11135435138412858,0.09607355497591494,3
73,Retail,Other,19899,5332,8713,8132,764,648,0.0008987162689018232,0.4094083190417784,3
74,Retail,Other,8190,6343,9794,1285,1901,1780,-0.010720820028169997,-0.26244056436794844,2
75,Horeca,Other,20398,1137,3,4407,3,975,-0.298801972844894,0.41653425249637893,3
76,Horeca,Other,717,3587,6532,7530,529,894,-0.1282246715305858,-0.046547088106978274,0
77,Retail,Other,12205,12697,28540,869,12034,1009,0.7923752448833207,0.007641589923587476,4
78,Horeca,Other,10766,1175,2067,2096,301,167,-0.40984981655016245,-0.006883271270861474,0
79,Horeca,Other,1640,3259,3655,868,1202,1653,-0.2610406538069767,-0.3184717675598497,0
80,Horeca,Other,7005,829,3009,430,610,529,-0.3779155808867271,-0.17308419907797257,0
81,Retail,Other,219,9540,14403,283,7818,156,0.5725819154133497,-0.4145797417023824,4
82,Retail,Other,10362,9232,11009,737,3537,2342,0.24022639466350448,-0.2448420655760991,2
83,Horeca,Other,20874,1563,1783,2320,550,772,-0.29618269339744857,0.33081418448807187,3
84,Retail,Other,11867,3327,4814,1178,3837,120,-0.1648772854952067,-0.14752191500710568,0
85,Retail,Other,16117,46197,92780,1026,40827,2944,0.38833667368322816,0.2562637349561333,1
86,Retail,Other,22925,73498,32114,987,20070,903,0.38843674479929274,0.25633930577870007,1
87,Horeca,Other,43265,5025,8117,6312,1579,14351,0.3948303497119399,0.2825635724817167,1
88,Horeca,Other,7864,542,4042,9735,165,46,-0.1416351099577709,0.24733068217591625,3
89,Horeca,Other,24904,3836,5330,3443,454,3178,-0.05385762013279198,0.4779438454720911,3
90,Horeca,Other,11405,596,1638,3347,69,360,-0.4136609279751092,0.07913795302740621,0
91,Horeca,Other,12754,2762,2530,8693,627,1117,-0.17362761022052556,0.3225087737341819,3
92,Retail,Other,9198,27472,32034,3232,18906,5130,0.5108182391595908,0.2552528225022173,1
93,Horeca,Other,11314,3090,2062,35009,71,2698,0.3900350151310964,0.2639131765015502,1
94,Retail,Other,5626,12220,11323,206,5038,244,0.4048812679722286,-0.37052455235944065,2
95,Horeca,Other,3,2920,6252,440,223,709,-0.24060060089851418,-0.3535239289116525,0
96,Retail,Other,23,2616,8118,145,3874,217,-0.028894103489517767,-0.443010644133465,2
97,Horeca,Other,403,254,610,774,54,63,-0.364145551892008,-0.22878674663581536,0
98,Horeca,Other,503,112,778,895,56,132,-0.36742690630912517,-0.22596087671538234,0
99,Horeca,Other,9658,2182,1909,5639,215,323,-0.3449825426219669,0.1079856453539184,3
100,Retail,Other,11594,7779,12144,3252,8035,3029,0.4811708315362792,-0.1490536429134609,4
101,Retail,Other,1420,10810,16267,1593,6766,1838,0.6231583558865991,-0.37777942194277014,4
102,Retail,Other,2932,6459,7677,2561,4573,1386,0.08900658922927407,-0.38479385363196394,2
103,Horeca,Other,56082,3504,8906,18028,1480,2498,0.4084907056239102,0.39607006738262623,1
104,Horeca,Other,14100,2132,3445,1336,1491,548,-0.3249884778073254,0.017460408486122174,0
105,Horeca,Other,15587,1014,3970,910,139,1378,-0.33552612925542163,0.1088106263190948,3
106,Retail,Other,1454,6337,10704,133,6830,1831,0.3559703986970573,-0.44541104285488686,2
107,Retail,Other,8797,10646,14886,2471,8969,1438,0.6569576061315464,-0.2530671506188995,4
108,Retail,Other,1531,8397,6981,247,2505,1236,0.03254596291349799,-0.42573239496644527,2
109,Retail,Other,1406,16729,28986,673,836,3,0.5670440133693175,-0.02176429721600266,4
110,Horeca,Other,11818,1648,1694,2276,169,1647,-0.38564182829911,0.05338208702174751,0
111,Retail,Other,12579,11114,17569,805,6457,1519,0.6149712853516303,-0.2154250151171675,4
112,Horeca,Other,19046,2770,2469,8853,483,2708,-0.065869622612534,0.5015456168575969,3
113,Horeca,Other,14438,2295,1733,3220,585,1561,-0.3489118357948726,0.15647688408535798,3
114,Horeca,Other,18044,1080,2000,2555,118,1266,-0.34114728761642177,0.2651940618756576,3
115,Horeca,Other,11134,793,2988,2715,276,610,-0.401028575463783,0.025620159890378465,0
116,Horeca,Other,11173,2521,3355,1517,310,222,-0.37284411644167365,-0.04533140277986461,0
117,Horeca,Other,6990,3880,5380,1647,319,1160,-0.2976324734428259,-0.19250409541862676,0
118,Horeca,Other,20049,1891,2362,5343,411,933,-0.2559813286399119,0.4135922402946951,3
119,Horeca,Other,8258,2344,2147,3896,266,635,-0.38485704625799494,-0.017045820057282578,0
120,Horeca,Other,17160,1200,3412,2417,174,1136,-0.33821595682393507,0.21355761823079392,3
121,Horeca,Other,4020,3234,1498,2395,264,255,-0.3725792335888267,-0.18563089819244324,0
122,Horeca,Other,12212,201,245,1991,25,860,-0.42435483891612363,0.07877409271485164,0
123,Retail,Other,11170,10769,8814,2194,1976,143,0.09054443614693211,-0.1608983131166895,2
124,Horeca,Other,36050,1642,2961,4787,500,1621,0.06833101231458262,0.7353255086402102,1
125,Horeca,Other,76237,3473,7102,16538,778,918,0.40682300095776275,0.3174255981544435,1
126,Horeca,Other,19219,1840,1658,8195,349,483,-0.1688206194496749,0.47507160880095883,3
127,Retail,Other,21465,7243,10685,880,2386,2749,0.14505130547022527,0.15897498780264624,1
128,Horeca,Other,140,8847,3823,142,1062,3,-0.09016179496558382,-0.36456277820425975,2
129,Horeca,Other,42312,926,1510,1718,410,1819,0.16521177354728592,0.7019507615988393,1
130,Horeca,Other,7149,2428,699,6316,395,911,-0.31819281870118454,0.08791208283469466,0
131,Horeca,Other,2101,589,314,346,70,310,-0.37902412487450676,-0.2158708218497764,0
132,Horeca,Other,14903,2032,2479,576,955,328,-0.34171939430071546,0.045470609654344546,0
133,Horeca,Other,9434,1042,1235,436,256,396,-0.40600733912741077,-0.08040239432537231,0
134,Horeca,Other,7388,1882,2174,720,47,537,-0.39634337074922693,-0.14462575969882957,0
135,Horeca,Other,6300,1289,2591,1170,199,326,-0.39732774261838955,-0.16217998811174505,0
136,Horeca,Other,4625,8579,7030,4575,2447,1542,0.021893285183875736,-0.2159418420701768,2
137,Horeca,Other,3087,8080,8282,661,721,36,-0.05358515572264598,-0.35499016249635,2
138,Horeca,Other,13537,4257,5034,155,249,3271,-0.16553635977965067,0.023426381250420965,0
139,Horeca,Other,5387,4979,3343,825,637,929,-0.29050990777311375,-0.2537742241842663,0
140,Horeca,Other,17623,4280,7305,2279,960,2616,-0.12177803098212543,0.1656980331783356,3
141,Horeca,Other,30379,13252,5189,321,51,1450,0.1855100123851971,0.40623128824456267,1
142,Horeca,Other,37036,7152,8253,2995,20,3,0.16751582885839347,0.619805355010961,1
143,Horeca,Other,10405,1596,1096,8425,399,318,-0.22829519526764708,0.263050441582184,3
144,Horeca,Other,18827,3677,1988,118,516,201,-0.27765354263986103,0.16401730974887296,3
145,Retail,Other,22039,8384,34792,42,12591,4430,0.594726408134648,0.17396911873125814,4
146,Horeca,Other,7769,1936,2177,926,73,520,-0.3991324831147631,-0.13114476300919975,0
147,Horeca,Other,9203,3373,2707,1286,1082,526,-0.34674428424581066,-0.13486305936731835,0
148,Horeca,Other,5924,584,542,4052,283,434,-0.40473963080473135,-0.0310792891922342,0
149,Horeca,Other,31812,1433,1651,800,113,1440,-0.05783684899296547,0.5844110161095784,3
150,Horeca,Other,16225,1825,1765,853,170,1067,-0.35464333942147636,0.13638816960781563,3
151,Horeca,Other,1289,3328,2022,531,255,1774,-0.29870115365415084,-0.2764353609553242,0
152,Horeca,Other,18840,1371,3135,3001,352,184,-0.31788636739265785,0.27404579426174497,3
153,Horeca,Other,3463,9250,2368,779,302,1627,-0.13675359207538193,-0.25497388606505866,0
154,Horeca,Other,622,55,137,75,7,8,-0.35613790579555155,-0.22435907972860492,0
155,Retail,Other,1989,10690,19460,233,11577,2153,0.7953616515078543,-0.20293077559309636,4
156,Retail,Other,3830,5291,14855,317,6694,3182,0.4536909063417892,-0.3406775411225529,4
157,Horeca,Other,17773,1366,2474,3378,811,418,-0.32823928876946357,0.25212089059479265,3
158,Retail,Other,2861,6570,9618,930,4004,1682,0.13432392884255706,-0.4319449574513769,2
159,Retail,Other,355,7704,14682,398,8077,303,0.5496668663183775,-0.41815420001326065,4
160,Retail,Other,1725,3651,12822,824,4424,2157,0.19940845321190756,-0.41234200288990913,2
161,Horeca,Other,12434,540,283,1092,3,2233,-0.3684526872469833,0.07720964736390662,0
162,Horeca,Other,15177,2024,3810,2665,232,610,-0.3504243069439396,0.1344271369051962,3
163,Retail,Other,5531,15726,26870,2367,13726,446,0.7894216944204899,0.02952064434900371,4
164,Retail,Other,5224,7603,8584,2540,3674,238,0.06899318218503914,-0.34702569134458255,2
165,Retail,Other,15615,12653,19858,4425,7108,2379,0.672973025388296,-0.02787493938789647,4
166,Retail,Other,4822,6721,9170,993,4973,3637,0.24089310934810074,-0.3041651996597498,2
167,Horeca,Other,2926,3195,3268,405,1680,693,-0.27765704767529864,-0.32678668307864445,0
168,Horeca,Other,5809,735,803,1393,79,429,-0.42015757195594194,-0.13173918972187199,0
169,Horeca,Other,5414,717,2155,2399,69,750,-0.40977220212976356,-0.12434563292776148,0
170,Retail,Other,260,8675,13430,1116,7015,323,0.48723240523957534,-0.4421929823063668,4
171,Retail,Other,200,25862,19816,651,8773,6250,0.5923992699013437,0.14139220582110593,4
172,Horeca,Other,955,5479,6536,333,2840,707,-0.06706054380402106,-0.4412158744111223,2
173,Retail,Other,514,7677,19805,937,9836,716,0.7190963979951566,-0.2988829811507353,4
174,Horeca,Other,286,1208,5241,2515,153,1442,-0.2943706794120723,-0.25201412656183464,0
175,Retail,Other,2343,7845,11874,52,4196,1697,0.27234170237511884,-0.45215586696065213,2
176,Horeca,Other,45640,6958,6536,7368,1532,230,0.3102135041673314,0.6763598296580616,1
177,Horeca,Other,12759,7330,4533,1752,20,2631,-0.15279810966324003,0.016700804425632078,0
178,Horeca,Other,11002,7075,4945,1152,120,395,-0.22195267167867222,-0.10775353195881975,0
179,Horeca,Other,3157,4888,2500,4477,273,2165,-0.24829625537478112,-0.11197676401885336,0
180,Horeca,Other,12356,6036,8887,402,1382,2794,-0.02188813468983254,-0.10398787050332285,2
181,Horeca,Other,112151,29627,18148,16745,4948,8550,0.3883146155637447,0.2563015650100965,1
182,Horeca,Other,694,8533,10518,443,6907,156,0.39159309287403965,-0.4528884260766426,2
183,Horeca,Other,36847,43950,20170,36534,239,47943,0.38819980351389743,0.25613856847700717,1
184,Horeca,Other,327,918,4710,74,334,11,-0.2940053286966313,-0.3104933872602798,0
185,Horeca,Other,8170,6448,1139,2181,58,247,-0.3132298874445184,-0.10348108526814355,0
186,Horeca,Other,3009,521,854,3470,949,727,-0.37727290607756564,-0.13698342092036195,0
187,Horeca,Other,2438,8002,9819,6269,3459,3,0.13877582408038694,-0.20776928757393726,2
188,Retail,Other,8040,7639,11687,2758,6839,404,0.36735616391733283,-0.3094173373507577,2
189,Retail,Other,834,11577,11522,275,4027,1856,0.37704365907527915,-0.4185381093110787,2
190,Horeca,Other,16936,6250,1981,7332,118,64,-0.15615954702350848,0.35354819235948803,3
191,Horeca,Other,13624,295,1381,890,43,84,-0.39887281433396754,0.06623095846740663,0
192,Horeca,Other,5509,1461,2251,547,187,409,-0.3873001394851874,-0.19318298864178907,0
193,Retail,Other,180,3485,20292,959,5618,666,0.46187496650841303,-0.3536692578954007,4
194,Horeca,Other,7107,1012,2974,806,355,1142,-0.38210573673072507,-0.1512020748364305,0
195,Horeca,Other,17023,5139,5230,7888,330,1755,-0.09205758470871346,0.38445951088218994,3
196,Horeca,Lisbon,30624,7209,4897,18711,763,2876,0.36235038581581114,0.4739395532648167,1
197,Retail,Lisbon,2427,7097,10391,1127,4314,1468,0.19270487994514798,-0.44511110127623577,2
198,Horeca,Lisbon,11686,2154,6824,3527,592,697,-0.29114841812743053,0.013393887601179958,0
199,Horeca,Lisbon,9670,2280,2112,520,402,347,-0.38251706935634333,-0.10321657793792101,0
200,Retail,Lisbon,3067,13240,23127,3941,9959,731,0.8048675789894466,-0.14167098380226578,4
201,Retail,Lisbon,4484,14399,24708,3549,14235,1681,0.7933232157910513,0.015636247345397685,4
202,Horeca,Lisbon,25203,11487,9490,5065,284,6854,0.3334078602460833,0.38375452776533636,1
203,Horeca,Lisbon,583,685,2216,469,954,18,-0.32765898664681836,-0.28628597965631103,0
204,Horeca,Lisbon,1956,891,5226,1383,5,1328,-0.31921519557220673,-0.2532410824364382,0
205,Retail,Lisbon,1107,11711,23596,955,9265,710,0.8036887181868528,-0.21859328560352703,4
206,Horeca,Lisbon,6373,780,950,878,288,285,-0.4112585573437754,-0.14105782931902647,0
207,Retail,Lisbon,2541,4737,6089,2946,5316,120,0.023148151430314883,-0.3560255056172214,2
208,Horeca,Lisbon,1537,3748,5838,1859,3381,806,-0.12174651939146605,-0.3868296031328021,2
209,Retail,Lisbon,5550,12729,16767,864,12420,797,0.7807516033216433,-0.16776342743272793,4
210,Horeca,Lisbon,18567,1895,1393,1801,244,2100,-0.29842119345130863,0.26438603715793724,3
211,Retail,Lisbon,12119,28326,39694,4736,19410,2870,0.4825972791337725,0.2648276994777209,1
212,Horeca,Lisbon,7291,1012,2062,1291,240,1775,-0.38179715743983494,-0.10602971176216884,0
213,Horeca,Lisbon,3317,6602,6861,1329,3961,1215,0.02826683948738855,-0.4069530932577929,2
214,Retail,Lisbon,2362,6551,11364,913,5957,791,0.3018172791715156,-0.457028499659173,2
215,Horeca,Lisbon,2806,10765,15538,1374,5828,2388,0.5637770712241393,-0.3665393497305286,4
216,Retail,Lisbon,2532,16599,36486,179,13308,674,0.6823226381255039,0.13431704338982817,4
217,Horeca,Lisbon,18044,1475,2046,2532,130,1158,-0.33987444202615846,0.2589104696457053,3
218,Retail,Lisbon,18,7504,15205,1285,4797,6372,0.45554840002656455,-0.11542313405861267,4
219,Horeca,Lisbon,4155,367,1390,2306,86,130,-0.408825222013195,-0.14165412140723366,0
220,Horeca,Lisbon,14755,899,1382,1765,56,749,-0.39606144530802484,0.12925247831097778,3
221,Horeca,Lisbon,5396,7503,10646,91,4167,239,0.1794586974204929,-0.41660854245867557,2
222,Horeca,Lisbon,5041,1115,2856,7496,256,375,-0.2595294414928263,0.08869134592252048,3
223,Retail,Lisbon,2790,2527,5265,5612,788,1360,-0.23836644143967836,-0.10266885470444792,0
224,Horeca,Lisbon,7274,659,1499,784,70,659,-0.41341484621250574,-0.12003576570669254,0
225,Horeca,Lisbon,12680,3243,4157,660,761,786,-0.3153234149337613,-0.049443834641386596,0
226,Retail,Lisbon,20782,5921,9212,1759,2568,1553,0.02631257987909875,0.15858092995298412,3
227,Horeca,Lisbon,4042,2204,1563,2286,263,689,-0.38887099456202323,-0.17749864315925787,0
228,Horeca,Lisbon,1869,577,572,950,4762,203,-0.1875473219578187,-0.28093675916734767,0
229,Horeca,Lisbon,8656,2746,2501,6845,694,980,-0.27129754197651945,0.12621155630681685,3
230,Retail,Lisbon,11072,5989,5615,8321,955,2137,-0.05263029424140273,0.22245097841538874,3
231,Horeca,Lisbon,2344,10678,3828,1439,1566,490,-0.027734641124453886,-0.315778926245355,2
232,Horeca,Lisbon,25962,1780,3838,638,284,834,-0.16974264318817034,0.4199138339060083,3
233,Horeca,Lisbon,964,4984,3316,937,409,7,-0.26566468333300797,-0.3221433667152869,0
234,Horeca,Lisbon,15603,2703,3833,4260,325,2563,-0.24753433848759798,0.23962082007586955,3
235,Horeca,Lisbon,1838,6380,2824,1218,1216,295,-0.21978412290426363,-0.3286661864263627,0
236,Horeca,Lisbon,8635,820,3047,2312,415,225,-0.4016818557092005,-0.07035311448754593,0
237,Horeca,Lisbon,18692,3838,593,4634,28,1215,-0.27968324696533803,0.3564207338802707,3
238,Horeca,Lisbon,7363,475,585,1112,72,216,-0.4239632649068004,-0.09599618829119427,0
239,Horeca,Lisbon,47493,2567,3779,5243,828,2253,0.2857571608953512,0.7247260329217596,1
240,Horeca,Lisbon,22096,3575,7041,11422,343,2564,0.11831277831945779,0.5631274838825187,1
241,Horeca,Lisbon,24929,1801,2475,2216,412,1047,-0.20941675695844164,0.4534930908895605,3
242,Horeca,Lisbon,18226,659,2914,3752,586,578,-0.322083803129036,0.2907315942700845,3
243,Horeca,Lisbon,11210,3576,5119,561,1682,2398,-0.2022604787021674,-0.10490391868740502,0
244,Horeca,Lisbon,6202,7775,10817,1183,3143,1970,0.1552159436674894,-0.3456917103759868,2
245,Retail,Lisbon,3062,6154,13916,230,8933,2784,0.5547240543368975,-0.3343174832850533,4
246,Horeca,Lisbon,8885,2428,1777,1777,430,610,-0.398066145634727,-0.08572401575893161,0
247,Horeca,Lisbon,13569,346,489,2077,44,659,-0.4156248975924335,0.11627520898098707,3
248,Horeca,Lisbon,15671,5279,2406,559,562,572,-0.278018171659775,0.05471675252047326,0
249,Horeca,Lisbon,8040,3795,2070,6340,918,291,-0.27595818162726565,0.06616679216806363,0
250,Horeca,Lisbon,3191,1993,1799,1730,234,710,-0.3813460649723932,-0.21236965236679237,0
251,Retail,Lisbon,6134,23133,33586,6746,18594,5121,0.5198331683050442,0.24797078281091542,1
252,Horeca,Lisbon,6623,1860,4740,7683,205,1693,-0.20505854327691656,0.1285426341652338,3
253,Horeca,Lisbon,29526,7961,16966,432,363,1391,0.2675738247659642,0.33616748512069605,1
254,Horeca,Lisbon,10379,17972,4748,4686,1547,3265,0.3041446964083771,0.06877205850171811,1
255,Horeca,Lisbon,31614,489,1495,3242,111,615,-0.07754402837795044,0.6389873371305029,3
256,Horeca,Lisbon,11092,5008,5249,453,392,373,-0.2654336434964499,-0.12555097644843316,0
257,Horeca,Lisbon,8475,1931,1883,5004,3593,987,-0.2348080214109312,-0.022826736953050965,0
258,Horeca,Lisbon,56083,4563,2124,6422,730,3321,0.37758291119938514,0.6033152012679044,1
259,Horeca,Lisbon,53205,4959,7336,3012,967,818,0.34571099029226127,0.6348102604496024,1
260,Horeca,Lisbon,9193,4885,2157,327,780,548,-0.3132597308191735,-0.157258081584832,0
261,Horeca,Lisbon,7858,1110,1094,6818,49,287,-0.31645711151871164,0.13895899411569165,3
262,Horeca,Lisbon,23257,1372,1677,982,429,655,-0.25159776129934625,0.36231280968627055,3
263,Horeca,Lisbon,2153,1115,6684,4324,2894,411,-0.17696451432544863,-0.2347867062545306,0
264,Retail,Lisbon,1073,9679,15445,61,5980,1265,0.5323016278035859,-0.43633362240731877,4
265,Horeca,Lisbon,5909,23527,13699,10155,830,3636,0.45857523613170775,0.1904982235375815,1
266,Retail,Lisbon,572,9763,22182,2221,4882,2563,0.6284571456252733,-0.2732383381151283,4
267,Horeca,Lisbon,20893,1222,2576,3975,737,3628,-0.14260287781261424,0.4126081107217912,3
268,Retail,Lisbon,11908,8053,19847,1069,6374,698,0.5784450537863962,-0.22551686473226357,4
269,Horeca,Lisbon,15218,258,1138,2516,333,204,-0.3919039058497985,0.1664164069870922,3
270,Horeca,Lisbon,4720,1032,975,5500,197,56,-0.3532410162812307,-0.0002476819989496356,0
271,Horeca,Lisbon,2083,5007,1563,1120,147,1550,-0.29186345514992035,-0.2593073452974364,0
272,Horeca,Lisbon,514,8323,6869,529,93,1040,-0.07505103033487177,-0.3612560683776749,2
273,Horeca,Other,36817,3045,1493,4802,210,1824,0.08797605088462848,0.7434248092950706,1
274,Horeca,Other,894,1703,1841,744,759,1153,-0.3314489770302174,-0.28289127420878274,0
275,Horeca,Other,680,1610,223,862,96,379,-0.3649894710298011,-0.2415156139862779,0
276,Horeca,Other,27901,3749,6964,4479,603,2503,0.0023200413230925194,0.5687935392483449,1
277,Horeca,Other,9061,829,683,16919,621,139,0.21012588820810738,0.40133163059365135,1
278,Horeca,Other,11693,2317,2543,5845,274,1409,-0.3087662004369275,0.18282713006551385,3
279,Retail,Other,17360,6200,9694,1293,3620,1721,0.08769572443434583,-0.01057692636542069,2
280,Horeca,Other,3366,2884,2431,977,167,1104,-0.35060869111996634,-0.24372613669287232,0
281,Retail,Other,12238,7108,6235,1093,2328,2079,-0.05739476711404848,-0.12375528535901488,0
282,Horeca,Other,49063,3965,4252,5970,1041,1404,0.3100757868144599,0.70903900979213,1
283,Horeca,Other,25767,3613,2013,10303,314,1384,0.04305287994316263,0.6381260066603719,1
284,Horeca,Other,68951,4411,12609,8692,751,2406,0.41581643774823907,0.41934271639885196,1
285,Horeca,Other,40254,640,3600,1042,436,18,0.12254054305859192,0.6534871681387456,1
286,Horeca,Other,7149,2247,1242,1619,1226,128,-0.379186828938899,-0.15095520233777987,0
287,Horeca,Other,15354,2102,2828,8366,386,1027,-0.18366779502095673,0.38315128280789806,3
288,Horeca,Other,16260,594,1296,848,445,258,-0.367721690853089,0.1375746402549971,3
289,Horeca,Other,42786,286,471,1388,32,22,0.15619673224980662,0.6652264783225921,1
290,Horeca,Other,2708,2160,2642,502,965,1522,-0.31437281119316196,-0.27668021412335086,0
291,Horeca,Other,6022,3354,3261,2507,212,686,-0.3599843378584549,-0.15843029184675345,0
292,Horeca,Other,2838,3086,4329,3838,825,1060,-0.29135796234887834,-0.19747291026306918,0
293,Retail,Porto,3996,11103,12469,902,5952,741,0.4686830215519905,-0.40596212992940467,4
294,Horeca,Porto,21273,2013,6550,909,811,1854,-0.171831447378785,0.2610187369928709,3
295,Retail,Porto,7588,1897,5234,417,2208,254,-0.26553321808455355,-0.24361557196200984,0
296,Horeca,Porto,19087,1304,3643,3045,710,898,-0.2977061343440606,0.28338407975035873,3
297,Retail,Porto,8090,3199,6986,1455,3712,531,-0.11971899037075745,-0.2719041731534479,0
298,Retail,Porto,6758,4560,9965,934,4538,1037,0.08449477145517546,-0.3635272222293552,2
299,Horeca,Porto,444,879,2060,264,290,259,-0.3405156514663064,-0.27633210770595773,0
300,Retail,Porto,16448,6243,6360,824,2662,2005,-0.0489372212161139,0.005602303737201856,0
301,Retail,Porto,5283,13316,20399,1809,8752,172,0.7742541865913971,-0.228865202289854,4
302,Retail,Porto,2886,5302,9785,364,6236,555,0.2292025288632374,-0.4461264840519536,2
303,Retail,Porto,2599,3688,13829,492,10069,59,0.5055816040427814,-0.31714119225155485,4
304,Retail,Porto,161,7460,24773,617,11783,2410,0.7710914221737654,-0.12696710773182254,4
305,Retail,Porto,243,12939,8852,799,3909,211,0.30839839877222247,-0.3958960657338045,2
306,Retail,Porto,6468,12867,21570,1840,7558,1543,0.7711669007366841,-0.22583872195171548,4
307,Horeca,Porto,17327,2374,2842,1149,351,925,-0.32520108883940024,0.1610767736408487,3
308,Horeca,Porto,6987,1020,3007,416,257,656,-0.3836519768974657,-0.16584414087348323,0
309,Retail,Porto,918,20655,13567,1465,6846,806,0.6578228765045806,-0.1553971830018122,4
310,Horeca,Porto,7034,1492,2405,12569,299,1117,0.013134526972498494,0.34162278620623865,3
311,Horeca,Porto,29635,2335,8280,3046,371,117,-0.02646662316637662,0.534428162150238,3
312,Retail,Porto,2137,3737,19172,1274,17120,142,0.6284253283921184,0.021661103812012097,4
313,Horeca,Porto,9784,925,2405,4447,183,297,-0.387142582866518,0.06367529788611784,0
314,Horeca,Porto,10617,1795,7647,1483,857,1233,-0.26299244983888753,-0.10391546870091736,0
315,Retail,Porto,1479,14982,11924,662,3891,3508,0.48807897334335704,-0.2580640104320358,4
316,Horeca,Porto,7127,1375,2201,2679,83,1059,-0.40568012229348005,-0.07842738547810947,0
317,Horeca,Porto,1182,3088,6114,978,821,1637,-0.22253630869097013,-0.3367088168451972,0
318,Horeca,Porto,11800,2713,3558,2121,706,51,-0.3551299042207883,-0.021145899997862407,0
319,Retail,Porto,9759,25071,17645,1128,12408,1625,0.6860453151378301,0.09283643838493355,4
320,Horeca,Porto,1774,3696,2280,514,275,834,-0.3169738128583722,-0.2934003819114115,0
321,Horeca,Porto,9155,1897,5167,2714,228,1113,-0.3489666910238811,-0.06420395700677467,0
322,Horeca,Porto,15881,713,3315,3703,1470,229,-0.3218055049871083,0.18181153108831632,3
323,Horeca,Porto,13360,944,11593,915,1679,573,-0.11449573525942268,-0.0758810641866449,0
324,Horeca,Porto,25977,3587,2464,2369,140,1092,-0.16799625744857177,0.48351785361965205,3
325,Horeca,Porto,32717,16784,13626,60869,1272,5609,0.3882136372003406,0.2561515763125366,1
326,Horeca,Porto,4414,1610,1431,3498,387,834,-0.387669821172286,-0.11475102100598658,0
327,Horeca,Porto,542,899,1664,414,88,522,-0.3525005197035218,-0.2626248329156093,0
328,Horeca,Porto,16933,2209,3389,7849,210,1534,-0.17826682983800354,0.41414756816629894,3
329,Horeca,Porto,5113,1486,4583,5127,492,739,-0.31507782184368305,-0.05942992699149733,0
330,Horeca,Porto,9790,1786,5109,3570,182,1043,-0.3462565480743135,-0.0061249693325248575,0
331,Retail,Porto,11223,14881,26839,1234,9606,1102,0.8114916021945143,-0.04732877797920873,4
332,Horeca,Porto,22321,3216,1447,2208,178,2602,-0.19694973649114694,0.3953305714103323,3
333,Retail,Porto,8565,4980,67298,131,38102,1215,0.3887308292712927,0.25650757196708335,1
334,Retail,Porto,16823,928,2743,11559,332,3486,0.05847674886963321,0.4976207197037502,1
335,Retail,Porto,27082,6817,10790,1365,4111,2139,0.2264666763669939,0.2964668954567907,1
336,Horeca,Porto,13970,1511,1330,650,146,778,-0.38511806858450603,0.06064276791315537,0
337,Horeca,Porto,9351,1347,2611,8170,442,868,-0.2309358248345689,0.22304400304520594,3
338,Horeca,Porto,3,333,7021,15601,15,550,0.19369506559968297,0.3019846574081549,1
339,Horeca,Porto,2617,1188,5332,9584,573,1942,-0.08125119583729151,0.1419825099414244,3
340,Retail,Other,381,4025,9670,388,7271,1371,0.28155202397468965,-0.43480922678834744,2
341,Retail,Other,2320,5763,11238,767,5162,2158,0.25197227010184486,-0.4315313230212327,2
342,Horeca,Other,255,5758,5923,349,4595,1328,0.04779688442611879,-0.4542277552473975,2
343,Retail,Other,1689,6964,26316,1456,15469,37,0.7106863091188907,0.016683836766825142,4
344,Horeca,Other,3043,1172,1763,2234,217,379,-0.39145292946116733,-0.18733016747696266,0
345,Horeca,Other,1198,2602,8335,402,3843,303,-0.03792452266030602,-0.43012181945633293,2
346,Retail,Other,2771,6939,15541,2693,6600,1115,0.47729979718700316,-0.3846133998469816,4
347,Retail,Other,27380,7184,12311,2809,4621,1022,0.269641010119468,0.29713169790452604,1
348,Horeca,Other,3428,2380,2028,1341,1184,665,-0.3471054757388596,-0.25515377073114626,0
349,Retail,Other,5981,14641,20521,2005,12218,445,0.815626244995365,-0.10382320730434266,4
350,Horeca,Other,3521,1099,1997,1796,173,995,-0.38944953070668753,-0.18965674252110928,0
351,Retail,Other,1210,10044,22294,1741,12638,3137,0.7882255899770112,-0.09914293818875552,4
352,Horeca,Other,608,1106,1533,830,90,195,-0.35846829017617593,-0.25466460520708073,0
353,Retail,Other,117,6264,21203,228,8682,1111,0.6804823620864883,-0.31218455461858197,4
354,Horeca,Other,14039,7393,2548,6386,1333,2341,-0.09579877000369418,0.22809127582024807,3
355,Horeca,Other,190,727,2012,245,184,127,-0.3391591988127157,-0.27216542416243183,0
356,Horeca,Other,22686,134,218,3157,9,548,-0.2825655132400364,0.43581260229550856,3
357,Retail,Other,37,1275,22272,137,6747,110,0.49319477648534454,-0.26890923463838673,4
358,Horeca,Other,759,18664,1660,6114,536,4100,0.29463318067784333,0.06927533795348963,1
359,Horeca,Other,796,5878,2109,340,232,776,-0.2516492296287294,-0.3183642453518524,0
360,Horeca,Other,19746,2872,2006,2601,468,503,-0.2989242032680826,0.289737829951017,3
361,Horeca,Other,4734,607,864,1206,159,405,-0.4109663113883563,-0.16140010176652864,0
362,Horeca,Other,2121,1601,2453,560,179,712,-0.35623115109822007,-0.2618167761445456,0
363,Horeca,Other,4627,997,4438,191,1335,314,-0.313942734246871,-0.2708110225835604,0
364,Horeca,Other,2615,873,1524,1103,514,468,-0.3791471801830555,-0.22808719463702443,0
365,Retail,Other,4692,6128,8025,1619,4515,3105,0.1387593502732427,-0.3148640049784176,2
366,Horeca,Other,9561,2217,1664,1173,222,447,-0.40188519015781876,-0.07648267368046993,0
367,Horeca,Other,3477,894,534,1457,252,342,-0.4022843820433048,-0.18177651816688145,0
368,Horeca,Other,22335,1196,2406,2046,101,558,-0.2760308998937726,0.37049880797676205,3
369,Horeca,Other,6211,337,683,1089,41,296,-0.42090446453276015,-0.1222430615630452,0
370,Retail,Other,39679,3944,4955,1364,523,2235,0.16505220495802897,0.6779861840154188,1
371,Horeca,Other,20105,1887,1939,8164,716,790,-0.1495369157080775,0.494792317201704,3
372,Horeca,Other,3884,3801,1641,876,397,4829,-0.09603323231453269,-0.07813667478542885,0
373,Retail,Other,15076,6257,7398,1504,1916,3113,-0.016418438448240997,0.022376105791714247,3
374,Horeca,Other,6338,2256,1668,1492,311,686,-0.3967268115418853,-0.15484255268950398,0
375,Horeca,Other,5841,1450,1162,597,476,70,-0.3918964469038706,-0.17693156129936705,0
376,Retail,Other,3136,8630,13586,5641,4666,1426,0.3495077102315731,-0.2520420315434837,2
377,Horeca,Other,38793,3154,2648,1034,96,1242,0.1056619084712158,0.6733698564176093,1
378,Horeca,Other,3225,3294,1902,282,68,1114,-0.3388598796612379,-0.25410633702508073,0
379,Retail,Other,4048,5164,10391,130,813,179,-0.07879826909289211,-0.35491791988244414,2
380,Horeca,Other,28257,944,2146,3881,600,270,-0.1369901441487349,0.5755076782882419,3
381,Horeca,Other,17770,4591,1617,9927,246,532,-0.06713238007907167,0.4700859345138734,3
382,Horeca,Other,34454,7435,8469,2540,1711,2893,0.21063447237005112,0.5755025593158936,1
383,Horeca,Other,1821,1364,3450,4006,397,361,-0.3374181001843759,-0.16765817579159856,0
384,Horeca,Other,10683,21858,15400,3635,282,5120,0.4887169240956617,0.1296545106429769,4
385,Horeca,Other,11635,922,1614,2583,192,1068,-0.40970794527305,0.05769691904173569,0
386,Horeca,Other,1206,3620,2857,1945,353,967,-0.3149684378133802,-0.2757043848550838,0
387,Horeca,Other,20918,1916,1573,1960,231,961,-0.29668044857106896,0.32819006533227874,3
388,Horeca,Other,9785,848,1172,1677,200,406,-0.4241081905369756,-0.030810111949686195,0
389,Horeca,Other,9385,1530,1422,3019,227,684,-0.4141783570123771,-0.003291010853885443,0
390,Horeca,Other,3352,1181,1328,5502,311,1000,-0.33685887455554175,-0.031155696287069455,0
391,Horeca,Other,2647,2761,2313,907,95,1827,-0.32558099849537064,-0.2383196337266044,0
392,Horeca,Other,518,4180,3600,659,122,654,-0.2803743022093576,-0.32615622301770636,0
393,Horeca,Other,23632,6730,3842,8620,385,819,0.006362195861557798,0.5473971267024292,1
394,Horeca,Other,12377,865,3204,1398,149,452,-0.39223103036499546,0.01621423397529452,0
395,Horeca,Other,9602,1316,1263,2921,841,290,-0.40467421196887104,-0.01572740637349569,0
396,Retail,Other,4515,11991,9345,2644,3378,2213,0.2785730210904917,-0.2924606118806628,2
397,Horeca,Other,11535,1666,1428,6838,64,743,-0.3034758342533529,0.23343160979656108,3
398,Horeca,Other,11442,1032,582,5390,74,247,-0.36976519974018746,0.17245255305489737,3
399,Horeca,Other,9612,577,935,1601,469,375,-0.4217411932761914,-0.03883115167181055,0
400,Horeca,Other,4446,906,1238,3576,153,1014,-0.3961124399168776,-0.09020633126283713,0
401,Horeca,Other,27167,2801,2128,13223,92,1902,0.174574689385028,0.6272201390406886,1
402,Horeca,Other,26539,4753,5091,220,10,340,-0.09906984551422035,0.39006507913917876,3
403,Horeca,Other,25606,11006,4604,127,632,288,0.06014181656138697,0.2946910059990126,1
404,Horeca,Other,18073,4613,3444,4324,914,715,-0.2374337018195746,0.26568613681955033,3
405,Horeca,Other,6884,1046,1167,2069,593,378,-0.41375784992502757,-0.10906607830590262,0
406,Horeca,Other,25066,5010,5026,9806,1092,960,0.06187866382762074,0.590611690087238,1
407,Retail,Other,7362,12844,18683,2854,7883,553,0.7199105183608601,-0.23564849967225196,4
408,Retail,Other,8257,3880,6407,1646,2730,344,-0.18099420214199172,-0.24517635919769118,0
409,Horeca,Other,8708,3634,6100,2349,2123,5137,0.023853179572381318,-0.007948580461507508,2
410,Horeca,Other,6633,2096,4563,1389,1860,1892,-0.26899681154682903,-0.20864455808521862,0
411,Horeca,Other,2126,3289,3281,1535,235,4365,-0.1252767386806381,-0.13036682945004588,0
412,Horeca,Other,97,3605,12400,98,2970,62,0.07833261518829747,-0.44322788482866277,2
413,Horeca,Other,4983,4859,6633,17866,912,2435,0.2906336699035089,0.3621936975453438,1
414,Horeca,Other,5969,1990,3417,5679,1135,290,-0.2999335395254732,-0.023807643637592673,0
415,Retail,Other,7842,6046,8552,1691,3540,1874,0.03306913250023338,-0.28823935105088494,2
416,Retail,Other,4389,10940,10908,848,6728,993,0.464742479724515,-0.3963302091577826,4
417,Horeca,Other,5065,5499,11055,364,3485,1063,0.09561203949953025,-0.40651974520335743,2
418,Retail,Other,660,8494,18622,133,6740,776,0.6089350123452213,-0.3979627597846602,4
419,Horeca,Other,8861,3783,2223,633,1580,1521,-0.29862500809452974,-0.16073595822315978,0
420,Horeca,Other,4456,5266,13227,25,6818,1393,0.3841667956115908,-0.41276374558648526,2
421,Retail,Other,17063,4847,9053,1031,3415,1784,0.018961285286999786,-0.005316173816363889,2
422,Horeca,Other,26400,1377,4172,830,948,1218,-0.14432805249158287,0.43216526907687103,3
423,Retail,Other,17565,3686,4657,1059,1803,668,-0.22555447447787694,0.09352752154802448,3
424,Retail,Other,16980,2884,12232,874,3213,249,0.03200306176934754,-0.02872090397968627,2
425,Horeca,Other,11243,2408,2593,15348,108,1886,0.16668175154602521,0.44034127840430987,1
426,Horeca,Other,13134,9347,14316,3141,5079,1894,0.4101264208195109,-0.14594694536942146,4
427,Horeca,Other,31012,16687,5429,15082,439,1163,0.3666327964631894,0.4480885615710109,1
428,Horeca,Other,3047,5970,4910,2198,850,317,-0.2211861504871811,-0.29550286152348926,0
429,Horeca,Other,8607,1750,3580,47,84,2501,-0.30181343750354744,-0.10453488914605845,0
430,Horeca,Other,3097,4230,16483,575,241,2080,0.12146063511718133,-0.2808561280873213,2
431,Horeca,Other,8533,5506,5160,13486,1377,1498,0.13621791448230294,0.34849163003368405,1
432,Horeca,Other,21117,1162,4754,269,1328,395,-0.2240988221409447,0.22510263162396413,3
433,Horeca,Other,1982,3218,1493,1541,356,1449,-0.33486316169287844,-0.24397401587503934,0
434,Horeca,Other,16731,3922,7994,688,2371,838,-0.11372207835996817,0.0020127808660366166,0
435,Horeca,Other,29703,12051,16027,13135,182,2204,0.37616233142981137,0.4667789087717402,1
436,Horeca,Other,39228,1431,764,4510,93,2346,0.1302310213703467,0.7451105238303108,1
437,Retail,Other,14531,15488,30243,437,14841,1867,0.7207467524010449,0.12240010136051573,4
438,Horeca,Other,10290,1981,2232,1038,168,2125,-0.3520036077123482,-0.03390882762428417,0
439,Horeca,Other,2787,1698,2510,65,477,52,-0.3434271702891228,-0.2682870154449537,0
